"Path","Platform","Compiled","Cooked","Permutations","Compiletime","CompiledDouble","CookedDouble"
"/Engine/EngineMaterials/PhAT_JointLimitMaterial.PhAT_JointLimitMaterial","0","0","16","1","0.000000","0","0"
"/Engine/EngineMaterials/GizmoMaterial.GizmoMaterial","0","0","8","1","0.000000","0","0"
"/Engine/EngineMaterials/M_InvalidLightmapSettings.M_InvalidLightmapSettings","0","0","24","1","0.000000","0","0"
"/Engine/EngineMaterials/EmissiveMeshMaterial.EmissiveMeshMaterial","0","0","10","1","0.000000","0","0"
"/Engine/EngineDebugMaterials/DebugMeshMaterial.DebugMeshMaterial","0","0","10","1","0.000000","0","0"
"/Engine/EngineMaterials/RemoveSurfaceMaterial.RemoveSurfaceMaterial","0","0","2","1","0.000000","0","0"
"/OculusVR/Materials/TouchForQuestRiftSControllerMaterial.TouchForQuestRiftSControllerMaterial","0","0","12","1","0.000000","0","0"
"/OculusVR/Materials/touchController_mat.touchController_mat","0","0","36","1","0.000000","0","0"
"/OculusVR/Materials/OculusMR_OpaqueColoredMaterial.OculusMR_OpaqueColoredMaterial","0","0","2","1","0.000000","0","0"
"/OculusVR/Materials/OculusMR_ChromaKey.OculusMR_ChromaKey","0","0","8","1","0.000000","0","0"
"/SpeedTreeImporter/SpeedTree9/SpeedTreeBillboardMaster.SpeedTreeBillboardMaster","0","0","72","1","0.000000","0","0"
"/SpeedTreeImporter/SpeedTree9/SpeedTreeMaster.SpeedTreeMaster","0","0","98","1","0.000000","0","0"
"/OpenXR/Devices/M_XRController.M_XRController","0","0","36","3","0.000000","0","0"
"/Engine/EngineDebugMaterials/M_VolumeRenderSphereTracePP.M_VolumeRenderSphereTracePP","0","0","4","1","0.000000","0","0"
"/Engine/EngineDebugMaterials/WireframeMaterial.WireframeMaterial","0","0","699","1","0.000000","0","0"
"/Engine/EngineDebugMaterials/VertexColorMaterial.VertexColorMaterial","0","0","108","1","0.000000","0","0"
"/Engine/EngineMaterials/DefaultMaterial.DefaultMaterial","0","0","159","1","0.000000","0","0"
"/Engine/ArtTools/RenderToTexture/Materials/Debug/M_Emissive_Color.M_Emissive_Color","0","0","2","1","0.000000","0","0"
"/Paper2D/DefaultSpriteMaterial.DefaultSpriteMaterial","0","0","96","2","0.000000","0","0"
"/OculusVR/Materials/PokeAHoleMaterial.PokeAHoleMaterial","0","0","8","1","0.000000","0","0"
"/Engine/EngineDebugMaterials/M_SimpleUnlitTranslucent.M_SimpleUnlitTranslucent","0","0","8","1","0.000000","0","0"
"/Engine/EditorMaterials/Camera/CineMat.CineMat","0","0","24","1","0.000000","0","0"
"/Engine/VREditor/TransformGizmo/TranslucentTransformGizmoMaterial.TranslucentTransformGizmoMaterial","0","0","8","1","0.000000","0","0"
"/Engine/VREditor/TransformGizmo/TransformGizmoMaterial.TransformGizmoMaterial","0","0","2","1","0.000000","0","0"
"/Engine/EngineMaterials/Widget3DPassThrough.Widget3DPassThrough","0","0","76","6","0.000000","0","0"
"/Engine/VREditor/TransformGizmo/Xray.Xray","0","0","12","1","0.000000","0","0"
"/Engine/VREditor/TransformGizmo/Main.Main","0","0","8","1","0.000000","0","0"
"/Engine/EngineMaterials/BaseFlattenMaterial.BaseFlattenMaterial","0","0","53","1","0.000000","0","0"
"/Engine/EngineSky/VolumetricClouds/m_SimpleVolumetricCloud.m_SimpleVolumetricCloud","0","0","52","1","0.000000","0","0"
"/Engine/EngineMaterials/DefaultPostProcessMaterial.DefaultPostProcessMaterial","0","0","8","1","0.000000","0","0"
"/Engine/EngineMaterials/DefaultLightFunctionMaterial.DefaultLightFunctionMaterial","0","0","19","1","0.000000","0","0"
"/Engine/EngineMaterials/DefaultDeferredDecalMaterial.DefaultDeferredDecalMaterial","0","0","145","1","0.000000","0","0"
"/Engine/EngineMaterials/WorldGridMaterial.WorldGridMaterial","0","0","993","1","0.000000","0","0"
"/Engine/EngineMaterials/DefaultTextMaterialOpaque.DefaultTextMaterialOpaque","0","0","36","1","0.000000","0","0"
"/Engine/EngineMaterials/PPM_DefaultCalibrationGrayscale.PPM_DefaultCalibrationGrayscale","0","0","4","1","0.000000","0","0"
"/Engine/EngineMaterials/PPM_DefaultCalibrationColor.PPM_DefaultCalibrationColor","0","0","4","1","0.000000","0","0"
"/Game/EF_FirstFloor/Common/MasterMaterial/Master_Props_Mat.Master_Props_Mat","0","0","228","2","0.000000","0","0"
"/Game/StylizedModularChar/Materials/Masters/M_MasterBody.M_MasterBody","0","0","48","1","0.000000","0","0"
"/Game/StylizedModularChar/Materials/Masters/M_MasterClothes.M_MasterClothes","0","0","48","1","0.000000","0","0"
"/Game/StylizedModularChar/Materials/Masters/M_MasterHair.M_MasterHair","0","0","48","1","0.000000","0","0"
"/Game/GR_Stylized_Female_01/Character/Materials/Skin/MT_Skin.MT_Skin","0","0","208","1","0.000000","0","416"
"/Game/GR_Stylized_Female_01/Character/Materials/MT_Base_Cloth.MT_Base_Cloth","0","0","4088","14","0.000000","0","9052"
"/Game/GR_Stylized_Female_01/Character/Materials/Eyes/Materials/M_EyeRefractive.M_EyeRefractive","0","0","57","1","0.000000","0","0"
"/Game/GR_Stylized_Female_01/Character/Materials/Skin/MT_Tongue.MT_Tongue","0","0","48","1","0.000000","0","0"
"/Game/GR_Stylized_Female_01/Character/Materials/MT_Base.MT_Base","0","0","280","3","0.000000","0","0"
"/Game/GR_Stylized_Female_01/Character/Materials/Hair/MT_Hair01.MT_Hair01","0","0","148","1","0.000000","0","296"
"/Game/Chameleon/Materials/M_DiscoBall.M_DiscoBall","0","0","4","1","0.000000","0","0"
"/Game/Chameleon/Materials/M_CyberScan.M_CyberScan","0","0","4","1","0.000000","0","0"
"/Game/Chameleon/Materials/M_CustomDepthHighlighterClip.M_CustomDepthHighlighterClip","0","0","4","1","0.000000","0","0"
"/Game/Chameleon/Materials/M_CustomDepthHighlighter.M_CustomDepthHighlighter","0","0","4","1","0.000000","0","0"
"/Game/Chameleon/Materials/M_ComicEdgeHLSL.M_ComicEdgeHLSL","0","0","4","1","0.000000","0","0"
"/Game/Chameleon/Materials/M_ColorizeHLSL.M_ColorizeHLSL","0","0","4","1","0.000000","0","0"
"/Game/Chameleon/Materials/M_ColorIndexer.M_ColorIndexer","0","0","2","1","0.000000","0","0"
"/Game/Chameleon/Materials/M_ColoredAO.M_ColoredAO","0","0","4","1","0.000000","0","0"
"/Game/Chameleon/Materials/M_Circles.M_Circles","0","0","4","1","0.000000","0","0"
"/Game/Chameleon/Materials/M_ChannelSwapper.M_ChannelSwapper","0","0","4","1","0.000000","0","0"
"/Game/Chameleon/Materials/M_ChannelClamper.M_ChannelClamper","0","0","4","1","0.000000","0","0"
"/Game/Chameleon/Materials/M_CameraShake.M_CameraShake","0","0","4","1","0.000000","0","0"
"/Game/Chameleon/Materials/M_BlurHLSL.M_BlurHLSL","0","0","4","1","0.000000","0","0"
"/Game/Chameleon/Materials/M_BleachBypass.M_BleachBypass","0","0","4","1","0.000000","0","0"
"/Game/Chameleon/Materials/M_AsciiHLSL.M_AsciiHLSL","0","0","4","1","0.000000","0","0"
"/Game/Chameleon/Materials/M_AnamorphicLensFlares.M_AnamorphicLensFlares","0","0","4","1","0.000000","0","0"
"/Game/Chameleon/Materials/M_Alcohol.M_Alcohol","0","0","4","1","0.000000","0","0"
"/Game/Chameleon/Materials/M_Alarm.M_Alarm","0","0","4","1","0.000000","0","0"
"/Game/Chameleon/Materials/M_ActorFeaturette.M_ActorFeaturette","0","0","4","1","0.000000","0","0"
"/Game/Chameleon/Materials/M_Digitize.M_Digitize","0","0","4","1","0.000000","0","0"
"/Game/Chameleon/Materials/M_2DTransform.M_2DTransform","0","0","4","1","0.000000","0","0"
"/Game/Chameleon/Materials/M_Zone.M_Zone","0","0","4","1","0.000000","0","0"
"/Game/Chameleon/Materials/M_WorldSplash.M_WorldSplash","0","0","4","1","0.000000","0","0"
"/Game/Chameleon/Materials/M_WorldGlitch.M_WorldGlitch","0","0","4","1","0.000000","0","0"
"/Game/Chameleon/Materials/M_Wired.M_Wired","0","0","4","1","0.000000","0","0"
"/Game/Chameleon/Materials/M_TVNoise.M_TVNoise","0","0","4","1","0.000000","0","0"
"/Game/Chameleon/Materials/M_ToonShading.M_ToonShading","0","0","4","1","0.000000","0","0"
"/Game/Chameleon/Materials/M_Tiles.M_Tiles","0","0","4","1","0.000000","0","0"
"/Game/Chameleon/Materials/M_Squares.M_Squares","0","0","4","1","0.000000","0","0"
"/Game/Chameleon/Materials/M_Speedlines.M_Speedlines","0","0","4","1","0.000000","0","0"
"/Game/Chameleon/Materials/M_Sonar.M_Sonar","0","0","4","1","0.000000","0","0"
"/Game/Chameleon/Materials/M_Snow.M_Snow","0","0","4","1","0.000000","0","0"
"/Game/Chameleon/Materials/M_Sketch.M_Sketch","0","0","4","1","0.000000","0","0"
"/Game/Chameleon/Materials/M_Sharpen.M_Sharpen","0","0","4","1","0.000000","0","0"
"/Game/Chameleon/Materials/M_SelectiveColor.M_SelectiveColor","0","0","24","1","0.000000","0","0"
"/Game/Chameleon/Materials/M_ScreenWavesHLSL.M_ScreenWavesHLSL","0","0","4","1","0.000000","0","0"
"/Game/Chameleon/Materials/M_ScreenFire.M_ScreenFire","0","0","4","1","0.000000","0","0"
"/Game/Chameleon/Materials/M_ScreenDrops.M_ScreenDrops","0","0","4","1","0.000000","0","0"
"/Game/Chameleon/Materials/M_ScreenDecals.M_ScreenDecals","0","0","4","1","0.000000","0","0"
"/Game/Chameleon/Materials/M_ScreenDamage.M_ScreenDamage","0","0","4","1","0.000000","0","0"
"/Game/Chameleon/Materials/M_ScratchesHLSL.M_ScratchesHLSL","0","0","4","1","0.000000","0","0"
"/Game/Chameleon/Materials/M_RadialBlurHLSL.M_RadialBlurHLSL","0","0","4","1","0.000000","0","0"
"/Game/Chameleon/Materials/M_Pyramid.M_Pyramid","0","0","4","1","0.000000","0","0"
"/Game/Chameleon/Materials/M_Pulse.M_Pulse","0","0","4","1","0.000000","0","0"
"/Game/Chameleon/Materials/M_PixelDissolve.M_PixelDissolve","0","0","4","1","0.000000","0","0"
"/Game/Chameleon/Materials/M_Neon.M_Neon","0","0","4","1","0.000000","0","0"
"/Game/Chameleon/Materials/M_MosaicTile.M_MosaicTile","0","0","4","1","0.000000","0","0"
"/Game/Chameleon/Materials/M_MonochromeHLSL.M_MonochromeHLSL","0","0","4","1","0.000000","0","0"
"/Game/Chameleon/Materials/M_MonitorEffects.M_MonitorEffects","0","0","4","1","0.000000","0","0"
"/Game/Chameleon/Materials/M_Mojo.M_Mojo","0","0","4","1","0.000000","0","0"
"/Game/Chameleon/Materials/M_MeltedWorld.M_MeltedWorld","0","0","4","1","0.000000","0","0"
"/Game/Chameleon/Materials/M_MagicTransitions.M_MagicTransitions","0","0","4","1","0.000000","0","0"
"/Game/Chameleon/Materials/M_Letterboxing.M_Letterboxing","0","0","4","1","0.000000","0","0"
"/Game/Chameleon/Materials/M_LensDistortion.M_LensDistortion","0","0","4","1","0.000000","0","0"
"/Game/Chameleon/Materials/M_Kuwahara.M_Kuwahara","0","0","4","1","0.000000","0","0"
"/Game/Chameleon/Materials/M_Kaleidescope.M_Kaleidescope","0","0","4","1","0.000000","0","0"
"/Game/Chameleon/Materials/M_Iridescent.M_Iridescent","0","0","4","1","0.000000","0","0"
"/Game/Chameleon/Materials/M_Invert.M_Invert","0","0","4","1","0.000000","0","0"
"/Game/Chameleon/Materials/M_Infected.M_Infected","0","0","4","1","0.000000","0","0"
"/Game/Chameleon/Materials/M_HUEPanner.M_HUEPanner","0","0","4","1","0.000000","0","0"
"/Game/Chameleon/Materials/M_HazyLights.M_HazyLights","0","0","4","1","0.000000","0","0"
"/Game/Chameleon/Materials/M_Haunted.M_Haunted","0","0","4","1","0.000000","0","0"
"/Game/Chameleon/Materials/M_HardEmbossHLSL.M_HardEmbossHLSL","0","0","4","1","0.000000","0","0"
"/Game/Chameleon/Materials/M_GridCell.M_GridCell","0","0","4","1","0.000000","0","0"
"/Game/Chameleon/Materials/M_GradientFog.M_GradientFog","0","0","4","1","0.000000","0","0"
"/Game/Chameleon/Materials/M_GlitchHLSL.M_GlitchHLSL","0","0","4","1","0.000000","0","0"
"/Game/Chameleon/Materials/M_Frost.M_Frost","0","0","4","1","0.000000","0","0"
"/Game/Chameleon/Materials/M_Emboss3x3HLSL.M_Emboss3x3HLSL","0","0","4","1","0.000000","0","0"
"/Game/Chameleon/Materials/M_Editor_ChameleonIcon.M_Editor_ChameleonIcon","0","0","24","1","0.000000","0","0"
"/Game/Chameleon/Materials/M_EdgeDetect3x3HLSL.M_EdgeDetect3x3HLSL","0","0","4","1","0.000000","0","0"
"/Game/Chameleon/Materials/M_Drug.M_Drug","0","0","4","1","0.000000","0","0"
"/Game/Chameleon/Materials/M_Drawing.M_Drawing","0","0","4","1","0.000000","0","0"
"/Game/Chameleon/Materials/M_Dither.M_Dither","0","0","4","1","0.000000","0","0"
"/Game/Chameleon/Materials/M_DistanceFog.M_DistanceFog","0","0","4","1","0.000000","0","0"
"/Game/Chameleon/Materials/M_DistanceDistortion.M_DistanceDistortion","0","0","4","1","0.000000","0","0"
"/Engine/MapTemplates/Materials/BasicAsset01.BasicAsset01","0","0","45","1","0.000000","0","0"
"/Game/OldBrickHouse/Materials/Masters/M_Props_Opaque.M_Props_Opaque","0","0","306","6","0.000000","0","102"
"/Game/Meshes/food/Top.Top","0","0","21","1","0.000000","0","0"
"/Game/Meshes/food/Label.Label","0","0","21","1","0.000000","0","0"
"/Game/Meshes/food/Bottom.Bottom","0","0","21","1","0.000000","0","0"
"/Game/Meshes/Laiko/T_WaterCan_A_Mat.T_WaterCan_A_Mat","0","0","12","1","0.000000","0","0"
"/Game/Fridge-Meat-Taxi/Meat/plastic.plastic","0","0","36","1","0.000000","0","0"
"/Game/Fridge-Meat-Taxi/Meat/meat1.meat1","0","0","12","1","0.000000","0","0"
"/Game/OldBrickHouse/Materials/Masters/M_ClearCoat.M_ClearCoat","0","0","102","2","0.000000","0","0"
"/Game/NewMaterial.NewMaterial","0","0","21","1","0.000000","0","0"
"/Game/TPSAT/Materials/Environment/M_Dust_Particle.M_Dust_Particle","0","0","112","1","0.000000","0","0"
"/Game/StarterContent/Particles/Materials/M_smoke_subUV.M_smoke_subUV","0","0","84","1","0.000000","0","0"
"/Engine/BasicShapes/BasicShapeMaterial.BasicShapeMaterial","0","0","63","1","0.000000","0","0"
"/Game/OldBrickHouse/Materials/Masters/M_Foliage.M_Foliage","0","0","98","1","0.000000","0","0"
"/Game/OldBrickHouse/Materials/Masters/M_Landscape.M_Landscape","0","0","205","5","0.000000","0","184"
"/Game/NaturePackage/Materials/BaseMaterial/bese_material.bese_material","0","0","216","4","0.000000","0","108"
"/Game/NaturePackage/Materials/BaseMaterial/Flora_back.Flora_back","0","0","196","2","0.000000","0","98"
"/Game/NaturePackage/Materials/BaseMaterial/Flora_twoSides.Flora_twoSides","0","0","332","2","0.000000","0","830"
"/Game/NaturePackage/Materials/BaseMaterial/base_Water.base_Water","0","0","40","1","0.000000","0","0"
"/Game/EF_Sam/Common/MasterMaterial/Master_Props_Mat.Master_Props_Mat","0","0","342","3","0.000000","0","114"
"/Engine/EngineMaterials/DefaultTextMaterialTranslucent.DefaultTextMaterialTranslucent","0","0","30","1","0.000000","0","0"
"/Engine/EditorMaterials/PreviewShadowIndicatorMaterial.PreviewShadowIndicatorMaterial","0","0","19","1","0.000000","0","0"
"/Engine/EngineDebugMaterials/DebugEditorMaterial.DebugEditorMaterial","0","0","8","1","0.000000","0","0"
"/Game/UltraDynamicSky/Maps/DemoMaterials/Wall_Example.Wall_Example","0","0","21","1","0.000000","0","0"
"/Game/UltraDynamicSky/Maps/DemoMaterials/Landscape_Example.Landscape_Example","0","0","137","2","0.000000","0","883"
"/Game/UltraDynamicSky/Materials/Weather/Splash_ParticleMat.Splash_ParticleMat","0","0","84","1","0.000000","0","0"
"/Game/UltraDynamicSky/Materials/Weather/RainSnow_ParticleMat.RainSnow_ParticleMat","0","0","188","2","0.000000","0","188"
"/Game/UltraDynamicSky/Materials/Weather/Fog_ParticleMat.Fog_ParticleMat","0","0","156","1","0.000000","0","312"
"/Game/UltraDynamicSky/Materials/Weather/LightningFlare_ParticleMat.LightningFlare_ParticleMat","0","0","24","1","0.000000","0","0"
"/Game/UltraDynamicSky/Materials/Weather/Lightning_Ball_ParticleMat.Lightning_Ball_ParticleMat","0","0","24","1","0.000000","0","0"
"/Game/UltraDynamicSky/Materials/Weather/LightningBolt_ParticleMat.LightningBolt_ParticleMat","0","0","32","1","0.000000","0","0"
"/Game/UltraDynamicSky/Materials/Weather/DLWE_Brush.DLWE_Brush","0","0","96","4","0.000000","0","0"
"/Game/UltraDynamicSky/Materials/Weather/Post_Process_Wind_Fog.Post_Process_Wind_Fog","0","0","4","1","0.000000","0","8"
"/Game/UltraDynamicSky/Materials/Weather/DLWE_Raindrops_Brush.DLWE_Raindrops_Brush","0","0","8","1","0.000000","0","0"
"/Game/UltraDynamicSky/Materials/Inside_Clouds_Fog_Particle.Inside_Clouds_Fog_Particle","0","0","156","1","0.000000","0","468"
"/Game/UltraDynamicSky/Materials/Volumetric_Clouds.Volumetric_Clouds","0","0","364","7","0.000000","0","1092"
"/Game/UltraDynamicSky/Materials/Ultra_Dynamic_Sky_Mat.Ultra_Dynamic_Sky_Mat","0","0","42","21","0.000000","0","126"
"/Game/UltraDynamicSky/Materials/Volumetric_Aurora.Volumetric_Aurora","0","0","32","1","0.000000","0","0"
"/Game/UltraDynamicSky/Materials/2D_Cloud_Shadows.2D_Cloud_Shadows","0","0","19","1","0.000000","0","19"
"/Game/UltraDynamicSky/Materials/Volumetric_Cloud_Shadows.Volumetric_Cloud_Shadows","0","0","19","1","0.000000","0","38"
"/Game/UltraDynamicSky/Materials/Static_Clouds.Static_Clouds","0","0","8","1","0.000000","0","16"
"/Game/UltraDynamicSky/Materials/Cloud_Fog_PostProcess.Cloud_Fog_PostProcess","0","0","4","1","0.000000","0","12"
"/Game/TPSAT/Materials/Environment/M_WhiteBox.M_WhiteBox","0","0","45","1","0.000000","0","0"
"/Game/TPSAT/Materials/Environment/M_Floor.M_Floor","0","0","21","1","0.000000","0","0"
"/Game/TPSAT/Materials/Environment/M_EnvGrid.M_EnvGrid","0","0","21","1","0.000000","0","0"
"/Game/TPSAT/Materials/UserInterface/M_WidgetTexture.M_WidgetTexture","0","0","15","1","0.000000","0","0"
"/Game/TPSAT/Materials/Effects/M_MeshOutline.M_MeshOutline","0","0","72","1","0.000000","0","0"
"/Game/TPSAT/Materials/UserInterface/M_3DWidget.M_3DWidget","0","0","23","1","0.000000","0","0"
"/Game/TPSAT/Materials/Furniture/M_Door.M_Door","0","0","21","1","0.000000","0","0"
"/Game/TPSAT/Materials/Mannequin/M_UE4Man_Body.M_UE4Man_Body","0","0","232","2","0.000000","0","0"
"/Game/TPSAT/Materials/Objects/M_Mug.M_Mug","0","0","21","1","0.000000","0","0"
"/Game/TPSAT/Materials/Objects/M_Book.M_Book","0","0","21","1","0.000000","0","0"
"/Game/TPSAT/Materials/Furniture/M_Bench.M_Bench","0","0","21","1","0.000000","0","0"
"/Game/TPSAT/Materials/Objects/M_Photo01.M_Photo01","0","0","21","1","0.000000","0","0"
"/Game/TPSAT/Materials/Environment/M_StatueGlass.M_StatueGlass","0","0","42","1","0.000000","0","0"
"/Game/TPSAT/Materials/Environment/M_Statue.M_Statue","0","0","21","1","0.000000","0","0"
"/Game/TPSAT/Materials/Objects/M_Plug.M_Plug","0","0","21","1","0.000000","0","0"
"/Game/TPSAT/Materials/Environment/M_Ceramic.M_Ceramic","0","0","21","1","0.000000","0","0"
"/Game/TPSAT/Materials/Furniture/M_Wardrobe.M_Wardrobe","0","0","21","1","0.000000","0","0"
"/Game/TPSAT/Materials/Furniture/M_TV.M_TV","0","0","21","1","0.000000","0","0"
"/Game/TPSAT/Materials/Furniture/M_Shelving.M_Shelving","0","0","21","1","0.000000","0","0"
"/Game/TPSAT/Materials/Furniture/M_Nightstand_01.M_Nightstand_01","0","0","21","1","0.000000","0","0"
"/Game/TPSAT/Materials/Objects/M_FloorLamp.M_FloorLamp","0","0","21","1","0.000000","0","0"
"/Game/TPSAT/Materials/Objects/M_DeskLamp.M_DeskLamp","0","0","21","1","0.000000","0","0"
"/Game/TPSAT/Materials/Furniture/M_Window.M_Window","0","0","21","1","0.000000","0","0"
"/Game/TPSAT/Materials/Environment/M_Glass.M_Glass","0","0","44","1","0.000000","0","0"
"/Game/TPSAT/Materials/Environment/M_Curtain.M_Curtain","0","0","27","1","0.000000","0","0"
"/Game/TPSAT/Materials/Environment/M_Carptet.M_Carptet","0","0","49","1","0.000000","0","0"
"/Game/TPSAT/Materials/Environment/M_Bush.M_Bush","0","0","98","1","0.000000","0","0"
"/Game/TPSAT/Materials/Environment/M_WallpaperBase.M_WallpaperBase","0","0","27","1","0.000000","0","0"
"/Game/TPSAT/Materials/Environment/M_Wood_Walnut.M_Wood_Walnut","0","0","21","1","0.000000","0","0"
"/Game/TPSAT/Materials/Environment/M_Wood_Floor_Walnut_Polished.M_Wood_Floor_Walnut_Polished","0","0","21","1","0.000000","0","0"
"/Game/TPSAT/Materials/Environment/M_Metal_Burnished_Steel.M_Metal_Burnished_Steel","0","0","21","1","0.000000","0","0"
"/Game/TPSAT/Materials/Environment/M_Grass.M_Grass","0","0","21","1","0.000000","0","0"
"/Game/TPSAT/Materials/Environment/M_Brick_Clay_Old.M_Brick_Clay_Old","0","0","21","1","0.000000","0","0"
"/Engine/EditorMeshes/ColorCalibrator/M_ClearCoatBlack.M_ClearCoatBlack","0","0","21","1","0.000000","0","0"
"/Game/TPSAT/Materials/Furniture/Bed/M_Pillow_01.M_Pillow_01","0","0","21","1","0.000000","0","0"
"/Game/TPSAT/Materials/Furniture/Bed/M_Blanket.M_Blanket","0","0","27","1","0.000000","0","0"
"/Game/TPSAT/Materials/Furniture/Bed/M_BedSheet.M_BedSheet","0","0","21","1","0.000000","0","0"
"/Game/TPSAT/Materials/Furniture/Bed/M_BedRack.M_BedRack","0","0","21","1","0.000000","0","0"
"/Engine/EngineSky/M_Sky_Panning_Clouds2.M_Sky_Panning_Clouds2","0","0","2","1","0.000000","0","0"
"/Game/TPSAT/Materials/Environment/M_Leaf_2.M_Leaf_2","0","0","84","1","0.000000","0","0"
"/Game/TPSAT/Materials/Environment/M_Leaf_1.M_Leaf_1","0","0","84","1","0.000000","0","0"
"/Game/StylizedModularChar/Materials/Masters/M_BG.M_BG","0","0","78","1","0.000000","0","0"
"/Game/StarterContent/Materials/M_Basic_Wall.M_Basic_Wall","0","0","21","1","0.000000","0","0"
"/Game/StarterContent/Props/Materials/M_Frame.M_Frame","0","0","21","1","0.000000","0","0"
"/Game/StarterContent/Materials/M_Glass.M_Glass","0","0","42","1","0.000000","0","0"
"/Game/StarterContent/Particles/Materials/M_Dust_Particle.M_Dust_Particle","0","0","112","1","0.000000","0","0"
"/Game/StarterContent/Materials/M_Wood_Walnut.M_Wood_Walnut","0","0","21","1","0.000000","0","0"
"/Game/StarterContent/Materials/M_Wood_Pine.M_Wood_Pine","0","0","21","1","0.000000","0","0"
"/Game/StarterContent/Materials/M_Wood_Oak.M_Wood_Oak","0","0","21","1","0.000000","0","0"
"/Game/StarterContent/Materials/M_Wood_Floor_Walnut_Worn.M_Wood_Floor_Walnut_Worn","0","0","21","1","0.000000","0","0"
"/Game/StarterContent/Materials/M_Wood_Floor_Walnut_Polished.M_Wood_Floor_Walnut_Polished","0","0","21","1","0.000000","0","0"
"/Game/StarterContent/Materials/M_Water_Ocean.M_Water_Ocean","0","0","21","1","0.000000","0","0"
"/Game/StarterContent/Materials/M_Water_Lake.M_Water_Lake","0","0","21","1","0.000000","0","0"
"/Game/StarterContent/Materials/M_Tech_Panel.M_Tech_Panel","0","0","21","1","0.000000","0","0"
"/Game/StarterContent/Materials/M_Tech_Hex_Tile_Pulse.M_Tech_Hex_Tile_Pulse","0","0","21","1","0.000000","0","0"
"/Game/StarterContent/Materials/M_Tech_Hex_Tile.M_Tech_Hex_Tile","0","0","21","1","0.000000","0","0"
"/Game/StarterContent/Materials/M_Tech_Checker_Dot.M_Tech_Checker_Dot","0","0","21","1","0.000000","0","0"
"/Game/StarterContent/Materials/M_Rock_Slate.M_Rock_Slate","0","0","21","1","0.000000","0","0"
"/Game/StarterContent/Materials/M_Rock_Sandstone.M_Rock_Sandstone","0","0","21","1","0.000000","0","0"
"/Game/StarterContent/Materials/M_Rock_Marble_Polished.M_Rock_Marble_Polished","0","0","21","1","0.000000","0","0"
"/Game/StarterContent/Materials/M_Rock_Basalt.M_Rock_Basalt","0","0","21","1","0.000000","0","0"
"/Game/StarterContent/Materials/M_Metal_Steel.M_Metal_Steel","0","0","21","1","0.000000","0","0"
"/Game/StarterContent/Materials/M_Metal_Rust.M_Metal_Rust","0","0","21","1","0.000000","0","0"
"/Game/StarterContent/Materials/M_Metal_Gold.M_Metal_Gold","0","0","21","1","0.000000","0","0"
"/Game/StarterContent/Materials/M_Metal_Chrome.M_Metal_Chrome","0","0","21","1","0.000000","0","0"
"/Game/StarterContent/Materials/M_Ground_Moss.M_Ground_Moss","0","0","21","1","0.000000","0","0"
"/Game/StarterContent/Materials/M_Ground_Gravel.M_Ground_Gravel","0","0","21","1","0.000000","0","0"
"/Game/StarterContent/Materials/M_Ground_Grass.M_Ground_Grass","0","0","21","1","0.000000","0","0"
"/Game/StarterContent/Materials/M_Concrete_Tiles.M_Concrete_Tiles","0","0","21","1","0.000000","0","0"
"/Game/StarterContent/Materials/M_Concrete_Poured.M_Concrete_Poured","0","0","21","1","0.000000","0","0"
"/Game/StarterContent/Materials/M_Concrete_Panels.M_Concrete_Panels","0","0","21","1","0.000000","0","0"
"/Game/StarterContent/Materials/M_Concrete_Grime.M_Concrete_Grime","0","0","21","1","0.000000","0","0"
"/Game/StarterContent/Materials/M_CobbleStone_Smooth.M_CobbleStone_Smooth","0","0","21","1","0.000000","0","0"
"/Game/StarterContent/Materials/M_CobbleStone_Rough.M_CobbleStone_Rough","0","0","21","1","0.000000","0","0"
"/Game/StarterContent/Materials/M_CobbleStone_Pebble.M_CobbleStone_Pebble","0","0","21","1","0.000000","0","0"
"/Game/StarterContent/Materials/M_Ceramic_Tile_Checker.M_Ceramic_Tile_Checker","0","0","21","1","0.000000","0","0"
"/Game/StarterContent/Materials/M_Brick_Hewn_Stone.M_Brick_Hewn_Stone","0","0","21","1","0.000000","0","0"
"/Game/StarterContent/Materials/M_Brick_Cut_Stone.M_Brick_Cut_Stone","0","0","21","1","0.000000","0","0"
"/Game/StarterContent/Materials/M_Brick_Clay_Old.M_Brick_Clay_Old","0","0","21","1","0.000000","0","0"
"/Game/StarterContent/Materials/M_Brick_Clay_New.M_Brick_Clay_New","0","0","21","1","0.000000","0","0"
"/Game/StarterContent/Materials/M_Brick_Clay_Beveled.M_Brick_Clay_Beveled","0","0","21","1","0.000000","0","0"
"/Engine/EngineMaterials/AntiAliasedTextMaterialTranslucent.AntiAliasedTextMaterialTranslucent","0","0","30","1","0.000000","0","0"
"/Game/StarterContent/Props/Materials/M_TableRound.M_TableRound","0","0","21","1","0.000000","0","0"
"/Game/StarterContent/Props/Materials/M_Statue.M_Statue","0","0","21","1","0.000000","0","0"
"/Game/StarterContent/Props/Materials/M_StatueGlass.M_StatueGlass","0","0","42","1","0.000000","0","0"
"/Game/StarterContent/Props/Materials/M_Chair.M_Chair","0","0","21","1","0.000000","0","0"
"/Game/StarterContent/Materials/M_Metal_Copper.M_Metal_Copper","0","0","21","1","0.000000","0","0"
"/Game/StarterContent/Materials/M_Metal_Burnished_Steel.M_Metal_Burnished_Steel","0","0","21","1","0.000000","0","0"
"/Game/StarterContent/Materials/M_Metal_Brushed_Nickel.M_Metal_Brushed_Nickel","0","0","21","1","0.000000","0","0"
"/Game/StarterContent/Props/Materials/M_Lamp.M_Lamp","0","0","21","1","0.000000","0","0"
"/Game/StarterContent/Particles/Materials/M_Spark.M_Spark","0","0","24","1","0.000000","0","0"
"/Game/StarterContent/Particles/Materials/M_Radial_Gradient.M_Radial_Gradient","0","0","32","1","0.000000","0","0"
"/Game/StarterContent/Particles/Materials/M_Heat_Distortion.M_Heat_Distortion","0","0","36","1","0.000000","0","0"
"/Game/StarterContent/Particles/Materials/M_Fire_SubUV.M_Fire_SubUV","0","0","24","1","0.000000","0","0"
"/Game/StarterContent/Materials/M_Basic_Floor.M_Basic_Floor","0","0","21","1","0.000000","0","0"
"/Engine/EditorMeshes/ColorCalibrator/M_GreyBall.M_GreyBall","0","0","21","1","0.000000","0","0"
"/Engine/EditorMeshes/ColorCalibrator/M_ColorGrid.M_ColorGrid","0","0","21","1","0.000000","0","0"
"/Engine/EditorMeshes/ColorCalibrator/M_ClearCoat.M_ClearCoat","0","0","21","1","0.000000","0","0"
"/Engine/EditorMeshes/ColorCalibrator/M_ChromeBall.M_ChromeBall","0","0","45","1","0.000000","0","0"
"/Game/StarterContent/Blueprints/Assets/M_LightStage_Skybox_Master.M_LightStage_Skybox_Master","0","0","4","2","0.000000","0","0"
"/Game/StarterContent/Blueprints/Assets/M_LightStage_Arrows.M_LightStage_Arrows","0","0","2","1","0.000000","0","0"
"/Engine/EditorMaterials/Thumbnails/SkySphereMaterial.SkySphereMaterial","0","0","2","1","0.000000","0","0"
"/Game/StarterContent/Materials/M_AssetPlatform.M_AssetPlatform","0","0","21","1","0.000000","0","0"
"/Game/OldBrickHouse/Materials/Masters/M_Plants.M_Plants","0","0","49","1","0.000000","0","0"
"/Game/OldBrickHouse/Materials/Masters/M_Props_AlphaMasked.M_Props_AlphaMasked","0","0","159","3","0.000000","0","0"
"/Game/OldBrickHouse/Materials/Masters/M_Rugs.M_Rugs","0","0","204","4","0.000000","0","204"
"/Game/OldBrickHouse/Materials/Masters/M_Tiling.M_Tiling","0","0","306","6","0.000000","0","306"
"/Game/OldBrickHouse/Materials/Masters/M_Tranclucent_Fabric.M_Tranclucent_Fabric","0","0","49","1","0.000000","0","0"
"/Game/OldBrickHouse/Materials/Masters/M_Glass_01.M_Glass_01","0","0","42","1","0.000000","0","0"
"/Game/OldBrickHouse/Materials/Masters/M_Glass_02.M_Glass_02","0","0","42","1","0.000000","0","0"
"/Game/OldBrickHouse/Materials/Masters/M_SpriteSheetAnimation.M_SpriteSheetAnimation","0","0","42","1","0.000000","0","0"
"/Game/LowPoly_Cat/Materials/M_LowPoly_Cat.M_LowPoly_Cat","0","0","36","1","0.000000","0","0"
"/Game/OldBrickHouse/Materials/Masters/M_GlassJars.M_GlassJars","0","0","42","1","0.000000","0","0"
"/Game/MSPresets/Decal_MasterMaterial/Decal_MasterMaterial.Decal_MasterMaterial","0","0","61","1","0.000000","0","61"
"/Game/Fridge-Meat-Taxi/fridge/base.base","0","0","12","1","0.000000","0","0"
"/Game/EF_MollyGreg/Common/MasterMaterial/MASTER_BaseColor_Mat.MASTER_BaseColor_Mat","0","0","207","1","0.000000","0","0"
"/Game/EF_MollyGreg/Common/MasterMaterial/Master_Props_Mat.Master_Props_Mat","0","0","342","3","0.000000","0","0"
"/Game/EF_MollyGreg/Common/MasterMaterial/Master_WorldMaterial_Mat.Master_WorldMaterial_Mat","0","0","90","2","0.000000","0","45"
"/Game/EF_MollyGreg/Common/MasterMaterial/Master_DFMasked_Mat.Master_DFMasked_Mat","0","0","302","1","0.000000","0","0"
"/Game/EF_Edie/Common/MasterMaterial/Master_Glass_Mat.Master_Glass_Mat","0","0","132","1","0.000000","0","132"
"/Game/EF_Sam/Common/MasterMaterial/Master_Glass_Mat.Master_Glass_Mat","0","0","264","2","0.000000","0","0"
"/Game/EF_Sam/Common/MasterMaterial/MASTER_BaseColor_Mat.MASTER_BaseColor_Mat","0","0","147","1","0.000000","0","147"
"/Game/EF_FirstFloor/Common/MasterMaterial/Master_WorldMaterial_Mat.Master_WorldMaterial_Mat","0","0","45","1","0.000000","0","0"
"/Game/ChameleonDemo/Materials/M_Emissive.M_Emissive","0","0","6","1","0.000000","0","0"
"/Game/EF_Edie/Common/MasterMaterial/Master_Props_Mat.Master_Props_Mat","0","0","342","3","0.000000","0","0"
"/Engine/EngineDebugMaterials/BlackUnlitMaterial.BlackUnlitMaterial","0","0","6","1","0.000000","0","0"
"/Game/OldBrickHouse/Materials/Masters/M_Sky.M_Sky","0","0","2","1","0.000000","0","0"
"/Game/NaturePackage/Materials/ground/Terrain.Terrain","0","0","205","5","0.000000","0","0"
"/Game/NaturePackage/Materials/BaseMaterial/Ground.Ground","0","0","21","1","0.000000","0","0"
"/Game/NaturePackage/Materials/BaseMaterial/Sky.Sky","0","0","2","1","0.000000","0","0"
"/Engine/TemplateResources/M_Template_Master.M_Template_Master","0","0","45","1","0.000000","0","0"
"/Game/MCO_Mocap_Basics/Character/Materials/M_UE4Man_Body.M_UE4Man_Body","0","0","232","2","0.000000","0","0"
"/Game/GR_Stylized_Female_01/Levels/Meshes/RampMaterial.RampMaterial","0","0","21","1","0.000000","0","0"
"/Game/GR_Stylized_Female_01/Levels/Meshes/CubeMaterial.CubeMaterial","0","0","21","1","0.000000","0","0"
"/Game/ChameleonDemo/Materials/M_Toy_Cow.M_Toy_Cow","0","0","21","1","0.000000","0","0"
"/Game/ChameleonDemo/Materials/M_LightTube.M_LightTube","0","0","2","1","0.000000","0","0"
"/Game/ChameleonDemo/Materials/M_DemoWall.M_DemoWall","0","0","99","1","0.000000","0","0"
"/Game/ChameleonDemo/Materials/M_DemoWallPattern.M_DemoWallPattern","0","0","63","3","0.000000","0","0"
"/Game/ChameleonDemo/Materials/M_DemoRoomTiles.M_DemoRoomTiles","0","0","45","1","0.000000","0","0"
"/Game/ChameleonDemo/Materials/M_ChameleonLight.M_ChameleonLight","0","0","6","1","0.000000","0","0"
"/Game/ChameleonDemo/Materials/MonitorCalibration_edited_Mat.MonitorCalibration_edited_Mat","0","0","2","1","0.000000","0","0"
"/Game/ChameleonDemo/Materials/M_Trans.M_Trans","0","0","24","1","0.000000","0","0"
"/Game/ChameleonDemo/Materials/M_RoomNumbers.M_RoomNumbers","0","0","30","1","0.000000","0","0"
"/Game/ChameleonDemo/Materials/M_ChameleonXLogo_Mat.M_ChameleonXLogo_Mat","0","0","24","1","0.000000","0","0"
"/Game/ChameleonDemo/Materials/M_ChameleonXWatermark_Mat.M_ChameleonXWatermark_Mat","0","0","15","1","0.000000","0","0"
"/Game/ChameleonDemo/Materials/M_DefaultDecalMaterial.M_DefaultDecalMaterial","0","0","103","1","0.000000","0","0"
"/Game/ChameleonDemo/Materials/M_Glass.M_Glass","0","0","80","2","0.000000","0","0"
"/Game/UltraDynamicSky/Blueprints/System/Editor_UI/Rounded_Rectangle_UI.Rounded_Rectangle_UI","0","0","15","1","0.000000","0","0"
"/Game/UltraDynamicSky/Blueprints/System/Editor_UI/config_icon_pan.config_icon_pan","0","0","9","1","0.000000","0","0"
"/Game/Mannequin/Character/Materials/M_Male_Body.M_Male_Body","0","0","232","2","0.000000","0","0"
"/Game/StylizedModularChar/Meshes/Male/Chest/Materials/Masters/M_MasterClothes.M_MasterClothes","0","0","48","1","0.000000","0","0"
"/Game/StylizedModularChar/Meshes/Male/Chest/Materials/Masters/M_MasterBody.M_MasterBody","0","0","48","1","0.000000","0","0"
"/Game/StylizedModularChar/Meshes/M_UE4Man_ChestLogo.M_UE4Man_ChestLogo","0","0","36","1","0.000000","0","0"
"/Game/StylizedModularChar/Meshes/M_UE4Man_Body.M_UE4Man_Body","0","0","36","1","0.000000","0","0"
"/Game/Meshes/phone/MobilePhone_D2_Mat.MobilePhone_D2_Mat","0","0","12","1","0.000000","0","0"
"/Game/StarterContent/Props/Materials/M_Shelf.M_Shelf","0","0","21","1","0.000000","0","0"
"/Game/StarterContent/Props/Materials/M_Rock.M_Rock","0","0","21","1","0.000000","0","0"
"/Game/StarterContent/Props/Materials/M_MaterialSphere_Plain.M_MaterialSphere_Plain","0","0","12","1","0.000000","0","0"
"/Game/StarterContent/Props/Materials/M_MaterialSphere.M_MaterialSphere","0","0","12","1","0.000000","0","0"
"/Game/StarterContent/Props/Materials/M_Door.M_Door","0","0","21","1","0.000000","0","0"
"/Game/StarterContent/Props/Materials/M_Bush.M_Bush","0","0","49","1","0.000000","0","0"
"/Game/StarterContent/Particles/Materials/M_radial_ramp.M_radial_ramp","0","0","32","1","0.000000","0","0"
"/Game/StarterContent/Particles/Materials/m_flare_01.m_flare_01","0","0","32","1","0.000000","0","0"
"/Game/StarterContent/Particles/Materials/M_explosion_subUV.M_explosion_subUV","0","0","24","1","0.000000","0","0"
"/Game/StarterContent/Particles/Materials/M_Burst.M_Burst","0","0","30","1","0.000000","0","0"
"/Game/StarterContent/Materials/M_ColorGrid_LowSpec.M_ColorGrid_LowSpec","0","0","21","1","0.000000","0","0"
"/Game/Fridge-Meat-Taxi/Taxi/yellow_cab_color_Mat.yellow_cab_color_Mat","0","0","12","1","0.000000","0","0"
"/Game/Fridge-Meat-Taxi/Taxi/wheel_base_color_Mat.wheel_base_color_Mat","0","0","12","1","0.000000","0","0"
"/Game/Fridge-Meat-Taxi/Taxi/taxi_sign.taxi_sign","0","0","12","1","0.000000","0","0"
"/Game/Fridge-Meat-Taxi/Taxi/licence_plate.licence_plate","0","0","12","1","0.000000","0","0"
"/Game/Fridge-Meat-Taxi/Taxi/interior.interior","0","0","12","1","0.000000","0","0"
"/Game/Fridge-Meat-Taxi/Taxi/brake_disc.brake_disc","0","0","12","1","0.000000","0","0"
"/Game/Mixamo/God/NewMaterial.NewMaterial","0","0","36","1","0.000000","0","0"
"/Game/Mixamo/God/n0b0_0Mat.n0b0_0Mat","0","0","12","1","0.000000","0","0"
"/Game/Mixamo/God/christ1.christ1","0","0","36","1","0.000000","0","0"
"/Game/OldBrickHouse/BluePrint_Actors/MI_Wall_07.MI_Wall_07","0","0","12","1","0.000000","0","0"
"/Game/OldBrickHouse/BluePrint_Actors/MI_Wall_05.MI_Wall_05","0","0","12","1","0.000000","0","0"
"/Game/OldBrickHouse/BluePrint_Actors/MI_Wall_04.MI_Wall_04","0","0","12","1","0.000000","0","0"
"/Game/OldBrickHouse/BluePrint_Actors/MI_Wallpaper_Red.MI_Wallpaper_Red","0","0","12","1","0.000000","0","0"
"/Game/OldBrickHouse/MI_Wall_07.MI_Wall_07","0","0","12","1","0.000000","0","0"
"/Game/OldBrickHouse/MI_Wall_05.MI_Wall_05","0","0","12","1","0.000000","0","0"
"/Game/OldBrickHouse/MI_Wall_04.MI_Wall_04","0","0","12","1","0.000000","0","0"
"/Game/OldBrickHouse/MI_Wallpaper_Red.MI_Wallpaper_Red","0","0","12","1","0.000000","0","0"
"/Game/NaturePackage/Materials/flora/invisible.invisible","0","0","36","1","0.000000","0","0"
"/Game/NaturePackage/Materials/BaseMaterial/Gray_M2.Gray_M2","0","0","27","1","0.000000","0","0"
"/Game/Mixamo/Orig/Alpha_Joints_MAT.Alpha_Joints_MAT","0","0","36","1","0.000000","0","0"
"/Game/Mixamo/Orig/Alpha_Body_MAT.Alpha_Body_MAT","0","0","36","1","0.000000","0","0"
"/Game/Mixamo/God/christ3.christ3","0","0","36","1","0.000000","0","0"
"/Game/Mixamo/God/christ2.christ2","0","0","36","1","0.000000","0","0"
"/Game/Meshes/monet/money_DefaultMaterial_BaseColor_Mat.money_DefaultMaterial_BaseColor_Mat","0","0","12","1","0.000000","0","0"
"/Game/LowPoly_Cat/Meshes/M_LowPoly_Cat.M_LowPoly_Cat","0","0","36","1","0.000000","0","0"
"/Game/GR_Stylized_Female_01/Character/Animations/Retarget_Example/Mannequin/Character/Materials/M_UE4Man_Body.M_UE4Man_Body","0","0","232","2","0.000000","0","0"
"/Game/GR_Stylized_Female_01/Character/Animations/Retarget_Example/AnimStarterPack/UE4_Mannequin/Materials/M_UE4Man_Body.M_UE4Man_Body","0","0","232","2","0.000000","0","0"
"/Game/Fridge-Meat-Taxi/Taxi/yellow_cab.yellow_cab","0","0","12","1","0.000000","0","0"
"/Game/Fridge-Meat-Taxi/Taxi/wheel.wheel","0","0","12","1","0.000000","0","0"
"/Game/Fridge-Meat-Taxi/Taxi/mirror.mirror","0","0","12","1","0.000000","0","0"
"/Game/Fridge-Meat-Taxi/Taxi/glass.glass","0","0","12","1","0.000000","0","0"
"/Game/EF_MollyGreg/Materials/TreeShadow_a_Mat.TreeShadow_a_Mat","0","0","80","1","0.000000","0","0"
"/Game/EF_MollyGreg/Common/MasterMaterial/Master_Unlit_Mat.Master_Unlit_Mat","0","0","10","1","0.000000","0","0"
"/Game/EF_MollyGreg/Common/MasterMaterial/Master_Masked_Emissive_Mat.Master_Masked_Emissive_Mat","0","0","166","1","0.000000","0","0"
"/Game/EF_MollyGreg/Common/MasterMaterial/Master_Opaque_Mat.Master_Opaque_Mat","0","0","102","1","0.000000","0","0"
"/Game/EF_FirstFloor/White.White","0","0","12","1","0.000000","0","0"
"/Game/EF_FirstFloor/Mat.Mat","0","0","18","1","0.000000","0","0"
"/Game/ChameleonDemo/Materials/M_RoomEntrance.M_RoomEntrance","0","0","2","1","0.000000","0","0"
"/Game/ChameleonDemo/Materials/M_LightFunction_Flicker.M_LightFunction_Flicker","0","0","19","1","0.000000","0","0"
